"401 North Broad Lessee, LLC"
8x8
ACC Business (AT&T)
ACCESSLINE Communications
AcenTek
Adams Cable Service
Advantix Solutions Group
airespring
Alaska Communications
Allo Communications
Altice Business Services (Optimum/Suddenlink)
Antietam Cable Television
AppSmart CSP
APX
Arelion
Armstrong
ASTOUND BUSINESS SOLUTIONS
AT&T
Atlantic Broadband (Cogeco)
AVAYA FINANCIAL SERVICES
BARC Connects
BCM One
BCN Telecom
Bigleaf Networks
Bloomingdale Communications
Blue Planet Networks
Blue Stream (Fiber)
Blue Valley Technologies
Bluebird Network
Bowling Green Municipal Utilities
Brandenburg Communications (Telephone)
Breezeline (Cogeco)
Bright House Networks (Charter Spectrum)
brightspeed
BROAD SKY
Broadvoice
BUCKEYE BROADBAND
BullsEye Telecom
C Spire
Cable One
Cablevision Lightpath (Altice)
Calandra Enterpriseg
California Internet (GeoLinks)
Call Tower
Cato Networks
"CCO SOCal 1, LLC"
CELLCO PARTNERSHIP (Verizon Wireless)
CENEXEL
CenturyLink (Lumen)
Cequel Communications (Optimum/Suddenlink)
Charter Spectrum
Cincinnati Bell (altafiber)
Circle Fiber
"CIT BANK, N.A."
City of Commerce
CITY OF OCALA
CMS Internet
COEO Solutions
Cogent Communications
College of Saint Benedict/Saint John's University
Comcast (Business/Masergy)
Comelec Internet Services
Commonwealth of Pennsylvania Department of Revenue
Comporium
Comptroller of Maryland
ComTec Systems
Connect Holding II (Brightspeed)
Consolidated Communications (Smartaira)
Conterra Networks
Conway Corporation
CORESITE
CORO
Coronet Cyber Security
Cox Communications (Business)
CRC Communications (GoNetspeed)
Crown Castle (Fiber)
CSC Holdings (Altice)
CSD Energy Advisors
Cunningham Telephone & Cable
Cybersafe Solutions
D&P Communications
Dataprise (Wireless Watchdogs)
Datusi Consulting (Ten4)
Delta Communications (Clearwave Communications)
Denham Capital Management LP
Digital Realty
DIRECTV
Distributed Computing (Ten4)
Dobson Fiber
DocuSign
DQE COMMUNICATIONS
DUO Broadband
Dynamic Network Advisors
EarthLink
EnerStar Rentals & Services Ltd.
EPB Fiber Optics
EPIC IO (Technologies)
Equinix
Everstream (Solutions)
EVOLVE IP
Expereo
Ezee Fiber
FARMER ARCHITECTURE
FiberLight
Fidelity Communications
FIFTH THIRD BANK
FirstLight (Fiber)
For2Fi
Fort Collins Connexion
Frankfort Plant Board
Franklin Integrated Interiors
FRANKLININTERIORS.COM
Frontier Communications
Fusion Connect
Futiva
G12 Communications
Gateway Fiber
GCI Communication
Geneseo Communications
GeoStar Communications
GhostFiber
GoNetspeed
Google Fiber Webpass
GoTo Technologies USA
GRANDE COMMUNICATIONS
Granite Telecommunications
Grayson Collin Communications
Great Plains Communications
GTT (Americas)
HARGRAY
"Health Care, LLC"
Hurricane Electric
Hypercore Networks
i3 Broadband
ICOMCAST (Likely a typo for Comcast)
ImOn Communications
INFINITE technology consulting
Innovative Business Solutions
iTel Networks
Jackson Energy Authority
Jive Communications (RingCentral)
JOHNNY WAS
Kearsarge Telephone
Keeper Security
Kit Carson
Level 3 (CenturyLink/Lumen)
Lightower Fiber Networks
Lightpath (Altice)
Lingo Telecom (Bullseye)
LISCO
Lumen Technologies
Manhattan Telecommunications (MetTel)
marco
Maryland Telephone Products
MASERGY (Comcast Business)
Matanuska Telecom Association
Matrix Telecom (Lingo)
MCC Telephony
MCI Communications Services (Verizon Business)
mckay
Mediacom
MegaPath
MetroNet
Metro Optical Solutions
MetTel (Manhattan Telecommunications)
Midco
Momentum Telecom
MontanaSky
net2phone
New Horizon Communications
NEWWAVE BUSINESS
NEXTECH OPERATIONS
Nextiva
"NHC, The Communications STACK Provider"
NICE
Nitel
NORTHLAND BUSINESS
NTEGRATED CONSULTING
OMUfibernet
ONE CALL NETWORKS
Ooma
Optimum (Altice)
OSHEAN
Owensboro Municipal Utilities
OXFORD INDUSTRIES INC
PAETEC (Windstream)
PARTNER COMMUNICATIONS COOPERATIVE
Pathwayz Communications
PenTeleData
Peoples Communication
Pineland
PUBLIC HEALTH MANAGEMENT CORPORATION
Purple Cloud
QUANTUM TELECOMMUNICATIONS
Quest (Likely a typo for CenturyLink/Lumen - needs verification)
RAPID SYSTEMS
RCN Telecom Services (Astound)
RingCentral
Rise Broadband
Ritter Communications
Rogers Business (Canada)
RTC Solutions
Saddleback COMMUNICATIONS
SANDLER PARTNERS
SANDYNET
Select Medical
Shaw Business (Rogers)
Sho-Me Technologies
Socket Telecom
Sparklight
Spectrotel
Spectrum (Charter)
Splice Technologies
Star2Star Communications
Suddenlink (Altice)
Summit Broadband
Tailwind Voice & Data
Talkdesk
"TANNATH DESIGN, INC."
TDS Broadband Service
Tekify Fiber & Wireless
TekLinks (C Spire Business)
Telarus
TeleSource Communications
Telesystem
TELPLEX COMMUNICATIONS
Ten4 (Distributed Computing)
Tennessee Telephone
The Vericom Group
ThreatBlockr
Thrive Operations
TierPoint
Time Warner Cable (Charter Spectrum)
T-Mobile
TPX (TPx Communications)
Trustwave
Unite Private Networks
Uniti Fiber
unWired Broadband
US Signal
USA DIGITAL
VAN BUREN TELEPHONE COMPANY
Vericom Group
Verizon (Business/Wireless)
Viasat
VITALink
Vogtmann Engineering Inc
VOLLI COMMUNICATIONS
Vonage
Vyve Broadband
Westco Internet
WHOLESALE CARRIER SERVICES
WINDSTREAM
WOW! (Business)
XMission
XO COMMUNICATIONS SERVICES (Verizon)
Zayo Group
Zentro
Zoom (Communications/Video Communications)
