Provider,Carrier Name,Count
Spectrum Business,"401 North Broad Lessee, LLC",1
Telarus,8x8,15
"Distributed Computing, Inc.","8x8, Inc.",1
Time Warner Cable,ACC Business,191
Spectrum,"ACC Business, a division of AT&T Corp.",2
Bright House Networks,"ACC, Allstream, Century Link, Comcast, Sprint Wireless, Verizon Wireless, Verizon, Carousel (Ring Central)",1
Telarus Order Desk,ACCESSLINE communications,1
Comcast,AcenTek,1
"Charter Communications Operating, LLC",Adams Cable Service,1
Vogtmann Engineering Inc,Advantix Solutions Group Inc,1
"Frontier Communications of America, Inc.",airespring,27
ACC Business,Alaska Communications,9
"CenturyLink Sales Solutions, Inc.",Allo Communications,4
CenturyLink,Altice Business Services,1
BUCKEYE BROADBAND,"Antietam Cable Television, LLC",2
"Comcast Cable Communications Management, LLC",AppSmart CSP Inc.,2
Comcast Cable Communications,APX,4
"Distributed Computing, Inc dba ten4","APX Net, Inc",56
AT&T Corp. d/b/a ACC Business,"APX Net, Inc.",6
"Momentum Telecom, Inc.",Arelion,2
Momentum Telecom,Arelion U.S. Inc.,6
PenTeleData,Armstrong,4
Alaska Communications,"Armstrong Utilities, Inc",10
Level (3) IS NOW CenturyLink,"Armstrong Utilities, Inc.",15
Suddenlink,"ASTOUND BUSINESS SOLUTIONS, LLC",9
Comcast Business Class Services,AT&T,42
WINDSTREAM,AT&T Corp d/b/a ACC Business,1
AT&T,AT&T Corp.,43
Ten4,AT&T Corp. d/b/a ACC Business,163
Frontier,"AT&T Enterprises, LLC d/b/a ACC Business",19
0,"Atlantic Broadband (Penn), LLC",2
"WOW! Internet, Cable and Phone",ATT,1
Level 3 Communications,AVAYA FINANCIAL SERVICES,1
Level (3) Communications,BARC Connects,3
"Level 3 Communications, LLC","BARCONNECTS, LLC",2
WOWbusiness,BCM One,1
Level (3),BCN,6
Level 3,"BCN Telecom, Inc.",2
Comcast Business,Bigleaf Networks,6
Verizon,"Bigleaf Networks, Inc.",8
WOW!,"Bloomingdale Communications, Inc.",1
"Cox Communications Gulf Coast, LLC; Cox Florida Telcom, LP",Blue Planet Networks Ltd,1
Suddenlink Communications,Blue Stream,2
Optimum,"Blue Stream Communications, LLC",2
"Cequel Communications, LLC dba Suddenlink Communications",Blue Stream Fiber,2
Comporium,Blue Valley Technologies,1
LUMEN,Bluebird Network,2
Telesystem,Bowling Green Municipal Utilities,1
"CSC Holdings, LLC and its affiliates and subsidiaries authorized to provide the services set forth herein (collectively, “Altice”)",Brandenburg Communications,1
Comelec Internet Services,Brandenburg Communications (BC),1
"CenturyLink Communications, LLC d/b/a Lumen Technologies Group",Brandenburg Telecom LLC,2
"CSC Holdings, LLC","BRANDENBURG TELECOM, LLC",2
"Cox Communications Arizona, LLC",Brandenburg Telephone,2
COX,Brandenburg Telephone Co,1
Cox Communications,Brandenburg Telephone Co.,1
"Cox Communications Arizona, LLC., Cox Arizona Telcom",Brandenburg Telephone Company,1
"CoxCom, LLC, Cox Florida Telcom, LP",Brandenburg Telephone Company (BTC),1
"Cox Communications Arizona, LLC., Cox Arizona Telcom, LLC",Breezeline,2
WINDSTREAM ENTERPRISE,Bright House Networks,4
"Armstrong Utilities, Inc.","Bright House Networks, LLC",1
Dobson Fiber,brightspeed,11
"CoxCom, LLC dba Cox Business, Cox Oklahoma Telcom, LLC","Brightspeed Broadband, LLC",2
"CoxCom, LLC., Cox Oklahoma Telcom, LLC",brightspeed Enterprise,2
"Cox Communications Kansas, LLC; Cox Kansas Telcom, LLC",Brigntspeed,1
"TekLinks, Inc. dba C Spire Business",BROAD SKY,1
Cablevision Lightpath LLC,Broadvoice,2
"Cox Communications Las Vegas, Inc.; Cox
Nevada Telcom, LLC",BUCKEYE BROADBAND,1
Verizon Business Network Services LLC,BullsEye Telecom,1
"Cox Communications California, LLC.","BullsEye Telecom, Inc.",1
"CoxCom, LLC d/b/a Cox Business; Cox Virginia Telcom, LLC",C Spire,1
Consolidated Communications,Cable One,1
MontanaSky,Cablevision Lightpath LLC,8
D&P Communications,"Cablevision Lightpath, Inc.",4
CMS Internet LLC,"Cablevision Litchfield, Inc.",1
Kit Carson,Calandra Enterpriseg,1
AT&T Corp.,California Internet LP DBA GeoLinks,1
"Fusion, LLC","Call Tower, Inc.",1
Verizon Wireless,"CallTower, Inc.",2
"Distributed Computing, Inc. dba Ten4",Cato Networks,9
Nitel,Cato Networks Inc.,2
"Nitel, Inc.",Cato Networks LTD.,1
"APX Net, Inc.","Cato Networks, Inc.",1
"Cogent Communications, Inc.","CCO SOCal 1,LLC",1
Crown Castle,CELLCO PARTNERSHIP d/b/a VERIZON WIRELESS,1
Crown Castle Fiber LLC,"Cellco Partnership, a Delaware General Partnership doing business as Verizon Wireless",1
"Thrive Operations, LLC",CENEXEL,4
Lightpath,CenturyLink,43
GTT Americas LLC,"CenturyLink Communications, LLC",3
"GTT Americas, LLC","CenturyLink Communications, LLC d/b/a Lumen Technologies Group",53
Thrive Operations LLC,"CenturyLink Sales Solutions, Inc.",13
"TANNATH DESIGN, INC.","Cequel Communications, LLC",2
FARMER ARCHITECTURE,"Cequel Communications, LLC aba Suddenlink Communications",1
NITEL INC.,"Cequel Communications, LLC dba Optimum Business",1
"Distriknotesignmmuting, Inc. dba Ten4","Cequel Communications, LLC dba Suddenlink Communications",6
"Distributedisputing, Inc. dba Ten4","Charter Advanced Services (CA), LLC",1
Denham Capital Management LP,Charter Communications,5
"Hypercore Networks, Inc.","Charter Communications Operating, LLC",501
"Distributeromputing, Inc. dba Ten4","Charter Communications, Inc.",1
"Distriberteghputing, Inc. dba Ten4",Cincinnati Bell Telephone Co. LLC d/b/a altafiber,4
Cato Networks,Cincinnati Bell Telephone Company LLC,3
"Distribus Biting, Inc. dba Ten4",Circle Fiber,1
"Shaw Cablesystems G.P., dba Shaw Business","CIT BANK, N.A.",1
"DistributedSigm Computing, Inc. dba Ten4",City of Commerce,1
"Distribute&puting, Inc. dba Ten4",CITY OF OCALA,1
Viasat,CMS Internet LLC,1
Dynamic Network Advisors,COEO Solutions,1
"Datusi Consulting, Inc. dba Ten4","Cogeco US (CT), LLC d/b/a Breezeline",2
"Distributedomputing, Inc. dba Ten4","Cogeco US (NH-ME), LLC d/b/a Breezeline",2
Cato Networks Inc.,"Cogeco US (OH), LLC d/b/a Breezeline",2
mckay,"Cogeco US (Penn), LLC d/b/a Breezeline",2
"Distributed Computing, Inc. d/b/a Ten4pbx.com (TEN4)","Cogeco US (SC), LLC d/b/a Breezeline",2
Fusion Connect,"Cogeco US Enterprise, LLC d/b/a Breezeline",6
Maryland Telephone Products,"Cogent Communications, Inc.",17
Ten4pbx.com,College of Saint Benedict/Saint John's University,1
Cox Communication,Comcast,315
"Cox Communications California, LLC., Cox California Telcom, LLC",Comcast Business,88
Blue Stream,Comcast Business Class Services,1
COX BUSINESS,"Comcast Business Communications, LLC",1
iTel Networks Inc.,COMCAST BUSINESS MASERGY,1
Cato Networks LTD.,Comcast Cable Communications,23
"ASTOUND BUSINESS SOLUTIONS, LLC",Comcast Cable Communications Management,1
Sparklight,"Comcast Cable Communications Management, LLC",1194
College of Saint Benedict/Saint John's University,"Comcast Communications Management, LLC",1
Frontier Communications,Comcast Enterprise Services,3
"Cox Communications California, LLC",Comelec Internet Services,4
"Distributel Computing, Inc. dba Ten4",Commonwealth of Pennsylvania Department of Revenue,2
Zoom Video Communications Inc.,Comporium,1
"CoxCom, LLC; Cox Rhode Island Telcom, LLC; Cox Connecticut Telcom, LLC",Comptroller of Maryland,1
Distributed Computing dba Ten4,"ComTec Systems, Inc.",4
"Distriblesu Stampeting, Inc. dba Ten4","Connect Holding II, LLC d/b/a Brightspeed",2
8x8,Consolidated Communications,29
"Distributed Computing, Inc. (DCI)","Consolidated Communications Enterprise Services, Inc. d/b/a Consolidated Communications Internet",1
Blue Valley Technologies,"Consolidated Communications, Inc.",10
"Consolidated Communications, Inc.","CONSOLIDATED SMART SYSTEMS, LLC D/B/A SMARTAIRA",1
AT&T Corp d/b/a ACC Business,"Consolidated Smart Systems, LLC DBA Smartaira",6
"Cox Communications California, LLC., Cox California Telcom",Conterra Networks,2
"Distributed Corniputing, Inc. dba Ten4","Conterra Ultra Broadband, LCC d/b/a Conterra Networks",1
DUO Broadband,"Conterra Ultra Broadband, LLC",1
"Distributed Ciputing, Inc. dba Ten4",Conway Corporation,2
"Frontier Communications Parent, Inc.",CORESITE,1
"DistributedsGumputing, Inc. dba Ten4",CORO,3
"Distributed Comชัย, Inc. dba Ten4",Coronet Cyber Security Ltd.,2
Cincinnati Bell Telephone Co. LLC d/b/a altafiber,COX,41
Momentum Telecom Inc,COX BUSINESS,49
WINDSTREAM and its affiliates,Cox Communication,15
Vyve,Cox Communications,47
TDS Broadband Service LLC,"Cox Communications Arizona, LLC",4
"Cogeco US (OH), LLC d/b/a Breezeline","Cox Communications Arizona, LLC.",7
"Cox Communications Las Vegas, Inc.; Cox Nevada Telcom, LLC","Cox Communications Arizona, LLC., Cox Arizona Telcom",2
"Bigleaf Networks, Inc.","Cox Communications Arizona, LLC., Cox Arizona Telcom, LLC",115
"Distributes computing, Inc. dba Ten4","Cox Communications California, LLC",1
"Cogeco US (SC), LLC d/b/a Breezeline","Cox Communications California, LLC.",13
"MCC Telephony of Iowa, LLC","Cox Communications California, LLC., Cox California",1
"Van Buren Telephone Company, Inc.","Cox Communications California, LLC., Cox California Telcom",5
"Ten4 Mobility, LLC dba OpDecision","Cox Communications California, LLC., Cox California Telcom, LLC",24
"Van Buren Telephone Company, Inc","Cox Communications California, LLC; Cox California Telcom, LLC",1
VAN BUREN TELEPHONE COMPANY,"Cox Communications Georgia, LLC, Cox Georgia Telcom, LLC",2
"Distributed signmphyting, Inc. dba Ten4","Cox Communications Gulf Coast, LLC; Cox Florida Telcom, LP",19
Trustwave,"Cox Communications Hampton Roads, LLC",2
airespring,"Cox Communications Hampton Roads, LLC dba Cox Business",1
BARC Connects,"Cox Communications Hampton Roads, LLC, d/b/a Cox Business",1
"BARCONNECTS, LLC","Cox Communications Hampton Roads, LLC, d/b/a Cox Business; Cox Virginia Telcom, LLC",22
"Unite Private Networks, LLC","Cox Communications Kansas, LLC",1
Cunningham Telephone & Cable,"Cox Communications Kansas, LLC dba Cox Business",1
"Conterra Ultra Broadband, LCC d/b/a Conterra Networks","Cox Communications Kansas, LLC; Cox Kansas Telcom, LLC",23
"Conterra Ultra Broadband, LLC","Cox Communications Las Vegas, Inc.; Cox Nevada Telcom, LLC",28
"Antietam Cable Television, LLC","Cox Communications Las Vegas, Inc.; Cox
Nevada Telcom, LLC",2
Comcast Cable Communications Management,"Cox Communications Louisiana, LLC",2
Vericom Group LLC,"Cox Communications Louisiana, LLC, Cox Louisiana",1
SANDLER PARTNERS,"Cox Communications Louisiana, LLC, Cox Louisiana Telcom, LLC",3
"GoTo Technologies USA, Inc.","Cox Communications Omaha, LLC; Cox Nebraska Telcom, LLC",9
Spectrotel,"Cox Louisiana Telcom, L.L.C.",1
"Distributed imputing, Inc. dba Ten4","CoxCom, LLC",2
"Distributed Routing, Inc. dba Ten4","COXCOM, LLC D/B/A COX BUSINESS",1
"CoxCom, LLC.; Cox Arkansas Telcom, LLC","CoxCom, LLC d/b/a Cox Business; Cox Virginia Telcom, LLC",27
G12 Communications LLC,"CoxCom, LLC dba Cox Business",6
EPIC IO,"CoxCom, LLC dba Cox Business, Cox Oklahoma Telcom, LLC",19
Vonage,"CoxCom, LLC dba Cox Business; Cox Virginia Telcom, LLC dba Cox Business",1
LUMEN®,"CoxCom, LLC, Cox Florida Telcom, LP",5
"Cox Communications Hampton Roads, LLC, d/b/a Cox Business; Cox Virginia Telcom, LLC","CoxCom, LLC, Cox Ohio Telcom, LLC",3
"ComTec Systems, Inc.","CoxCom, LLC., Cox Oklahoma Telcom, LLC",27
"Brightspeed Broadband, LLC","CoxCom, LLC.; Cox Arkansas Telcom, LLC",14
"Tent Mobility.LC, dba OpDecision","CoxCom, LLC.; Cox lowa Telcom, LLC",1
"Cox Communications Louisiana, LLC, Cox Louisiana","CoxCom, LLC; Cox Rhode Island Telcom, LLC; Cox Connecticut Telcom, LLC",19
"Cox Communications Louisiana, LLC, Cox Louisiana Telcom, LLC",CRC Communications LLC d/b/a GoNetspeed,2
"Cox Communications Hampton Roads, LLC",Crown Castle,8
WOW! Business,Crown Castle Fiber,1
"For2Fi, Inc.",Crown Castle Fiber LLC,23
"Cox Communications California, LLC., Cox California","CSC Holdings, LLC",28
"Nextiva, Inc.","CSC Holdings, LLC and its affiliates and subsidiaries authorized to provide the services set forth herein (collectively, “Altice”)",1
brightspeed,"CSD Energy Advisors, LLC",1
"Cogeco US Enterprise, LLC d/b/a Breezeline",Cunningham Telephone & Cable,3
"Distributed Gomputing, Inc. dba Ten4","Cybersafe Solutions, LLC",2
Lumen Technologies Group,D&P Communications,1
Distributed Computing Inc. dba Ten4,"Dataprise, LLC d/b/a Wireless Watchdogs",2
"Distributes kamputing, Inc. dba Ten4","Datusi Consulting, Inc. dba Ten4",1
"Charter Communications, Inc.","Delta Communications, LLC d/b/a Clearwave Communications",2
"unWired Broadband, LLC",Denham Capital Management LP,1
brightspeed Enterprise,Digital Realty,7
"WHOLESALE CARRIER SERVICES, INC.",DIRECTV,1
Blue Stream Fiber,"Distriberteghputing, Inc. dba Ten4",1
BCM One,"Distrible&Scompting, Inc. dba Ten4",1
TeleSource Communications Inc.,"Distriblesu Stampeting, Inc. dba Ten4",1
RAPID SYSTEMS,"Distribus Biting, Inc. dba Ten4",1
ICOMCAST,"Distributa Gomputing, Inc. dba Ten4",1
"Blue Stream Communications, LLC","Distribute&puting, Inc. dba Ten4",1
everstream™,"Distributed Ciputing, Inc. dba Ten4",1
"CoxCom, LLC, Cox Ohio Telcom, LLC","Distributed Comชัย, Inc. dba Ten4",1
EVERSTREAM SOLUTIONS LLC,Distributed Computing dba Ten4,1
"Cogeco US (NH-ME), LLC d/b/a Breezeline",distributed computing inc.,2
"The Vericom Group, LLC",Distributed Computing Inc. dba Ten4,1
NEXTECH OPERATIONS LLC,"Distributed Computing, Inc dba ten4",1
"Distributed suting, Inc. dba Ten4","Distributed Computing, Inc.",259
"RingCentral, Inc.","Distributed Computing, Inc. (DCI)",50
ATT,"Distributed Computing, Inc. d/b/a Ten4pbx.com (TEN4)",1
"Distributed.sg@mputing, Inc. dba Ten4","Distributed Computing, Inc. dba Ten4",362
BCN,"Distributed Computing, Inc. dba: Ten4",1
COEO Solutions,"Distributed Computing, Inc., dba Ten4",1
"BCN Telecom, Inc.","Distributed Corniputing, Inc. dba Ten4",1
"Rogers Communications Canada Inc., dba Shaw Business","Distributed Gomputing, Inc. dba Ten4",1
Netspeed LLC d/b/a GoNetspeed,"Distributed imputing, Inc. dba Ten4",1
FRANKLININTERIORS.COM,"Distributed Routing, Inc. dba Ten4",1
Franklin Integrated Interiors,"Distributed signmphyting, Inc. dba Ten4",1
CORO,"Distributed suting, Inc. dba Ten4",1
"Dataprise, LLC d/b/a Wireless Watchdogs","Distributed.sg@mputing, Inc. dba Ten4",1
"Masergy Communications, Inc.","Distributedisputing, Inc. dba Ten4",1
"APX Net, Inc","Distributedomputing, Inc. dba Ten4",2
VOLLI COMMUNICATIONS INC.,"DistributedsGumputing, Inc. dba Ten4",1
Website,"DistributedSigm Computing, Inc. dba Ten4",1
"Keeper Security, Inc.","Distributel Computing, Inc. dba Ten4",1
"Granite Telecommunications, LLC","Distributeromputing, Inc. dba Ten4",2
Splice Technologies Inc.,"Distributes computing, Inc. dba Ten4",1
TPX,"Distributes kamputing, Inc. dba Ten4",1
PUBLIC HEALTH MANAGEMENT CORPORATION,"Distributputing, Inc. dba Ten4",1
Seller/Lessor,"Distriknotesignmmuting, Inc. dba Ten4",1
"AT&T Enterprises, LLC d/b/a ACC Business",Dobson Fiber,4
TPx Communications,DocuSign,1
"Distributed Computing, Inc. dba: Ten4",DQE COMMUNICATIONS,2
T-Mobile,DUO Broadband,2
"CoxCom, LLC dba Cox Business",Dynamic Network Advisors,4
FIFTH THIRD BANK,"EarthLink, LLC",2
Coronet Cyber Security Ltd.,EnerStar Rentals & Services Ltd.,1
CORESITE,EPB Fiber Optics,2
GoNetspeed,EPIC IO,3
COMCAST BUSINESS MASERGY,EPIC IO Technologies,1
"CoxCom, LLC",Equinix,2
EVOLVE IP,Equinix LLC,3
Zayo Group LLC,"Equinix LLC, on behalf of itself and its U.S. Affiliates",2
Great Plains Communications LLC,"Equinix, Inc.",2
"LINGO TELECOM, LLC.",Everstream,1
Calandra Enterpriseg,EVERSTREAM SOLUTIONS LLC,4
"Cox Communications Hampton Roads, LLC, d/b/a Cox Business",everstream™,1
Gateway Fiber,EVOLVE IP,1
"OSHEAN, Inc.","Evolve IP, LLC",1
"Hurricane Electric, LLC",Expereo,2
"TierPoint, LLC","Ezee Fiber, LLC.",1
CRC Communications LLC d/b/a GoNetspeed,FARMER ARCHITECTURE,1
TierPoint,FiberLight,2
"Cybersafe Solutions, LLC",Fidelity Communications,1
"Consolidated Smart Systems, LLC DBA Smartaira",FIFTH THIRD BANK,3
Spectrotel Holding Company LLC,FirstLight,9
"Spectrum Northeast, LLC","FirstLight Fiber, Inc.",1
Manhattan Telecommunications Corporation LLC (MetTel),"For2Fi, Inc.",5
Metronet,Fort Collins Connexion,1
"Cox Communications Omaha, LLC; Cox Nebraska Telcom, LLC",Frankfort Plant Board,1
"Cequel Communications, LLC",Franklin Integrated Interiors,2
FirstLight,FRANKLININTERIORS.COM,2
"Talkdesk, Inc.",Frontier,24
Comcast Enterprise Services,Frontier Communications,50
Verizon Business Network Services Inc.,Frontier Communications of America Inc.,1
Trustwave Government Solutions,"Frontier Communications of America, Inc.",137
"Trustwave Government Solutions, LLC",Frontier Communications Parent,1
Arelion U.S. Inc.,"Frontier Communications Parent, Inc.",26
FiberLight,Fusion,1
Ooma,Fusion Connect,13
DQE COMMUNICATIONS,"Fusion, LLC",1
"CONSOLIDATED SMART SYSTEMS, LLC D/B/A SMARTAIRA",Futiva,1
Ritter Communications Holdings Inc.,G12 Communications LLC,4
"CSD Energy Advisors, LLC",Gateway Fiber,1
Lumen Technologies,GCI Communication Corp.,2
"Armstrong Utilities, Inc",Geneseo Communications,4
"Distrible&Scompting, Inc. dba Ten4","GeoStar Communications, LLC",1
Tennessee Telephone Company,GhostFiber LLC,1
"GeoStar Communications, LLC",GoNetspeed,1
Westco Internet,Google Fiber Webpass,3
"Bloomingdale Communications, Inc.","GoTo Technologies USA, Inc.",1
"Cox Communications Arizona, LLC.",GRANDE COMMUNICATIONS,1
Frankfort Plant Board,"GRANDE COMMUNICATIONS NETWORKS, LLC",1
"MCC Telephony of the Midwest, LLC","Granite Telecommunications, LLC",7
"Zoom Video Communications, Inc.",Grayson Collin Communications,5
PenTeleData Limited Partnership I,Great Plains Communications LLC,1
"Socket Telecom, LLC",GTT Americas LLC,8
Kearsarge Telephone Company,"GTT Americas, LLC",6
SANDYNET,HARGRAY,1
SELECT MEDICAL CORPORATION,"Hargray Communications Group, Inc.",2
Jackson Energy Authority,"Health Care, LLC",1
"Distributputing, Inc. dba Ten4","Hurricane Electric, LLC",1
"Metro Fibernet, LLC d/b/a MetroNet","Hypercore Networks, Inc.",18
Brandenburg Communications,"i3 Broadband, LLC",2
Brandenburg Communications (BC),ICOMCAST,2
Brandenburg Telecom LLC,"ImOn Communications, LLC",1
Conterra Networks,INFINITE technology consulting LLC,1
Metronet Business,Innovative Business Solutions,1
Saddleback COMMUNICATIONS,iTel Networks Inc.,2
Brandenburg Telephone Co,Jackson Energy Authority,1
"BRANDENBURG TELECOM, LLC",Jive Communications Inc.,1
Armstrong,JOHNNY WAS,25
Select Medical,Kearsarge Telephone Company,1
Zentro,"Keeper Security, Inc.",1
Owensboro Municipal Utilities,Kit Carson,1
"RTC Solutions, Inc.",Level (3),4
"Cequel Communications, LLC dba Optimum Business",Level (3) Communications,2
"QUANTUM TELECOMMUNICATIONS, INC.",Level (3) IS NOW CenturyLink,1
Google Fiber Webpass,Level 3,1
"Hargray Communications Group, Inc.",Level 3 Communications,2
"Cox Communications Louisiana, LLC","Level 3 Communications, LLC",1
"Pathwayz Communications, Inc",Lightower Fiber Networks,1
Tekify Fiber & Wireless,"Lightower Fiber Networks I, LLC",3
"Matrix Telecom, LLC dba Lingo",Lightpath,5
"Lingo Telecom, LLC. dba Lingo dba Bullseye",Lingo,1
EnerStar Rentals & Services Ltd.,"Lingo Telecom LLC, dba Lingo",1
Lingo,"LINGO TELECOM, LLC DBA LINGO",9
"LINGO TELECOM, LLC DBA LINGO","LINGO TELECOM, LLC.",2
"LINGO TELECOM, LLC. DBA LINGO","LINGO TELECOM, LLC. DBA LINGO",3
DIRECTV,"Lingo Telecom, LLC. dba Lingo dba Bullseye",3
Grayson Collin Communications,LISCO,1
Everstream,LUMEN,145
Geneseo Communications,Lumen Technologies,7
"Lingo Telecom LLC, dba Lingo",Lumen Technologies Group,36
Ritter Communications,LUMEN®,3
GhostFiber LLC,Manhattan Telecommunications Corporation,1
Optimum Business,Manhattan Telecommunications Corporation d/b/a Metropolitan Telecommunications a/k/a MetTel,5
Rogers Business,Manhattan Telecommunications Corporation LLC,3
NTEGRATED CONSULTING LLC.,Manhattan Telecommunications Corporation LLC (MetTel),1
Charter Communications,marco,1
Circle Fiber,Maryland Telephone Products,2
Uniti Fiber,MASERGY,8
EPB Fiber Optics,"Masergy Communications, Inc.",21
Conway Corporation,"Matanuska Telecom Association, Incorporated",1
Bluebird Network,"MATANUSKA TELEPHONE ASSOCIATION, INC.",1
"Matanuska Telecom Association, Incorporated","Matrix Telecom, LLC dba Lingo",2
"i3 Broadband, LLC","MCC Telephony of Florida, LLC",5
APX,"MCC Telephony of Iowa, LLC",13
Equinix LLC,"MCC Telephony of lowa, LLC",18
"Equinix, Inc.","MCC Telephony of Missouri, LLC",1
Equinix,"MCC Telephony of the Mid-Atlantic, LLC",2
"Equinix LLC, on behalf of itself and its U.S. Affiliates","MCC Telephony of the Midwest, LLC",2
"Cogeco US (CT), LLC d/b/a Breezeline","MCC Telephony of the South, LLC",2
"XMission, L.C.","MCC Telephony of the West, LLC",2
"MCC Telephony of the West, LLC",MCI Communications Services LLC d/b/a Verizon Business Services,1
"Mediacom Telephony of Illinois, LLC",mckay,1
AcenTek,Mediacom,1
Midco,"Mediacom Telephony of Illinois, LLC",2
Rise Broadband,MegaPath,1
"EarthLink, LLC","Metro Fibernet, LLC d/b/a MetroNet",1
Summit Broadband,"Metro Optical Solutions, Inc.",1
"Ezee Fiber, LLC.",Metronet,16
"Cogeco US (Penn), LLC d/b/a Breezeline",Metronet Business,2
"VITALink, LLC.",MetTel,9
Breezeline,Midco,7
"Purple Cloud, Inc.",Midcontinent Communications®,1
"Cablevision Lightpath, Inc.",Momentum Telecom,4
"CenturyLink Communications, LLC",Momentum Telecom Inc,1
Vonage Business Inc.,Momentum Telecom Inc.,1
"Viasat, Inc.","Momentum Telecom, Inc.",14
Manhattan Telecommunications Corporation LLC,MontanaSky,1
MetTel,net2phone,1
"Zayo Group, LLC",Net2Phone Office,1
Digital Realty,Netspeed LLC d/b/a GoNetspeed,5
"Call Tower, Inc.",new horizon communications,1
"BullsEye Telecom, Inc.",New Horizon Communications Corp.,2
OXFORD INDUSTRIES INC,NEWWAVE BUSINESS™,1
JOHNNY WAS,NEXTECH OPERATIONS LLC,1
CENEXEL,"Nextiva, Inc.",11
Adams Cable Service,"NHC, The Communications STACK Provider",1
Fort Collins Connexion,NICE,1
"Tailwind Voice & Data, Inc.",Nitel,43
ACCESSLINE communications,NITEL INC.,10
"MCC Telephony of lowa, LLC","Nitel, Inc.",9
Tailwind Voice & Data,NORTHLAND BUSINESS,1
Cincinnati Bell Telephone Company LLC,NTEGRATED CONSULTING LLC.,1
Select Physical Therapy,OMUfibernet,1
"RCN Telecom Services, LLC",ONE CALL NETWORKS,2
"GRANDE COMMUNICATIONS NETWORKS, LLC",Ooma,9
Bowling Green Municipal Utilities,Ooma Inc,1
Brandenburg Telephone Company,Optimum,36
Brandenburg Telephone,Optimum Business,3
Brandenburg Telephone Co.,optimum by altice,2
Brandenburg Telephone Company (BTC),optimum.,4
"MCC Telephony of Florida, LLC",optimum. business,1
Time Warner Cable Enterprises LLC,optimum. business | by altice,3
"MCC Telephony of Missouri, LLC","OSHEAN, Inc.",1
Spectrum Enterprise,Owensboro Municipal Utilities,3
optimum by altice,OXFORD INDUSTRIES INC,5
"Delta Communications, LLC d/b/a Clearwave Communications",PAETEC,1
"Cox Communications Georgia, LLC, Cox Georgia Telcom, LLC","PAETEC Communications, Inc.",2
PARTNER COMMUNICATIONS COOPERATIVE,"PAETEC, a Windstream company",1
Uniti Fiber LLC,PARTNER COMMUNICATIONS COOPERATIVE,1
BullsEye Telecom,"Pathwayz Communications, Inc",2
LISCO,PenTeleData,2
CITY OF OCALA,PenTeleData Limited Partnership I,14
"Atlantic Broadband (Penn), LLC",Peoples Communication Inc.,1
Allo Communications,Pineland,1
Mediacom,PUBLIC HEALTH MANAGEMENT CORPORATION,4
"MATANUSKA TELEPHONE ASSOCIATION, INC.","Purple Cloud, Inc.",9
"Consolidated Communications Enterprise Services, Inc. d/b/a Consolidated Communications Internet","QUANTUM TELECOMMUNICATIONS, INC.",4
GCI Communication Corp.,Quest,1
OMUfibernet,RAPID SYSTEMS,1
Fidelity Communications,"RCN Telecom Services, LLC",1
C Spire,RingCentral,1
USAD USA DIGITAL,"RingCentral, Inc.",20
USA DIGITAL,Rise Broadband,5
NICE,Ritter Communications,1
Shaw Business,Ritter Communications Holdings Inc.,2
Arelion,Rogers Business,1
Brigntspeed,Rogers Communications Canada Inc.,1
"CoxCom, LLC.; Cox lowa Telcom, LLC","Rogers Communications Canada Inc., dba Shaw Business",1
AppSmart CSP Inc.,"RTC Solutions, Inc.",1
California Internet LP DBA GeoLinks,Saddleback COMMUNICATIONS,5
"ThreatBlockr, Inc.",SANDLER PARTNERS,1
Bigleaf Networks,SANDYNET,2
New Horizon Communications Corp.,Select Medical,2
Broadvoice,SELECT MEDICAL CORPORATION,3
Jive Communications Inc.,Select Physical Therapy,1
"FirstLight Fiber, Inc.",Seller/Lessor,4
new horizon communications,Shaw Business,1
Expereo,"Shaw Cablesystems G.P., dba Shaw Business",2
Manhattan Telecommunications Corporation,"Sho-Me Technologies, L.L.C.",1
Blue Planet Networks Ltd,"Socket Telecom, LLC",2
MASERGY,Sparklight,10
"Lightower Fiber Networks I, LLC",Spectrotel,6
Lightower Fiber Networks,Spectrotel Holding Company LLC,1
Manhattan Telecommunications Corporation d/b/a Metropolitan Telecommunications a/k/a MetTel,Spectrum,94
"Cablevision Litchfield, Inc.",Spectrum Business,277
optimum.,Spectrum Enterprise,10
Frontier Communications of America Inc.,"Spectrum Northeast, LLC",1
"Star2Star Communications, LLC",Splice Technologies Inc.,2
BROAD SKY,"Star2Star Communications, LLC",1
"Evolve IP, LLC",Suddenlink,9
"CallTower, Inc.",Suddenlink Communications,16
"MCC Telephony of the Mid-Atlantic, LLC",Summit Broadband,2
"8x8, Inc.",Tailwind Voice & Data,1
"Zoom Communications, Inc.","Tailwind Voice & Data, Inc.",2
Frontier Communications Parent,"Talkdesk, Inc.",1
"Comcast Communications Management, LLC","TANNATH DESIGN, INC.",1
RingCentral,TDS Broadband Service LLC,4
INFINITE technology consulting LLC,Tekify Fiber & Wireless,1
"Cox Communications Kansas, LLC","TekLinks, Inc. dba C Spire Business",1
City of Commerce,Telarus,93
Pineland,Telarus Order Desk,9
Rogers Communications Canada Inc.,TeleSource Communications Inc.,1
"Cox Louisiana Telcom, L.L.C.",Telesystem,3
"ImOn Communications, LLC",TELPLEX COMMUNICATIONS,1
Fusion,Ten4,366
"Cox Communications Kansas, LLC dba Cox Business","Ten4 Mobility, LLC dba OpDecision",71
marco,Ten4pbx,3
Windstream Communications,Ten4pbx.com,21
"Distributa Gomputing, Inc. dba Ten4",Tennessee Telephone Company,1
HARGRAY,"Tent Mobility.LC, dba OpDecision",2
"Comcast Business Communications, LLC","The Vericom Group, LLC",1
DocuSign,"ThreatBlockr, Inc.",1
Commonwealth of Pennsylvania Department of Revenue,Thrive Operations LLC,10
AVAYA FINANCIAL SERVICES,"Thrive Operations, LLC",9
"CIT BANK, N.A.",TierPoint,3
Innovative Business Solutions,"TierPoint, LLC",2
"Cato Networks, Inc.",Time Warner Cable,20
ONE CALL NETWORKS,Time Warner Cable Enterprises LLC,2
Comptroller of Maryland,T-Mobile,1
"ACC, Allstream, Century Link, Comcast, Sprint Wireless, Verizon Wireless, Verizon, Carousel (Ring Central)",TPX,1
MCI Communications Services LLC d/b/a Verizon Business Services,TPx Communications,3
"Charter Advanced Services (CA), LLC",Trustwave,3
"XO COMMUNICATIONS SERVICES, LLC",Trustwave Government Solutions,1
"CCO SOCal 1,LLC","Trustwave Government Solutions, LLC",1
CELLCO PARTNERSHIP d/b/a VERIZON WIRELESS,"Unite Private Networks, LLC",15
"PAETEC, a Windstream company",Uniti Fiber,5
"Cellco Partnership, a Delaware General Partnership doing business as Verizon Wireless",Uniti Fiber LLC,2
"PAETEC Communications, Inc.","unWired Broadband, LLC",1
PAETEC,US Signal,1
Momentum Telecom Inc.,USA DIGITAL,2
"Bright House Networks, LLC","USA Digital Communications, Inc.",2
"Metro Optical Solutions, Inc.",USAD USA DIGITAL,1
Peoples Communication Inc.,VAN BUREN TELEPHONE COMPANY,1
"Distributed Computing, Inc., dba Ten4","Van Buren Telephone Company, Inc",1
"NHC, The Communications STACK Provider","Van Buren Telephone Company, Inc.",1
Ten4pbx,Vericom Group LLC,1
distributed computing inc.,Verizon,86
"Cox Communications Hampton Roads, LLC dba Cox Business",Verizon Business Network Services Inc.,1
"ACC Business, a division of AT&T Corp.",Verizon Business Network Services LLC,102
"Cox Communications California, LLC; Cox California Telcom, LLC",Verizon Wireless,4
TELPLEX COMMUNICATIONS,Viasat,9
Cable One,"Viasat, Inc.",3
"Cequel Communications, LLC aba Suddenlink Communications","VITALink, LLC.",1
MegaPath,Vogtmann Engineering Inc,0
"USA Digital Communications, Inc.",VOLLI COMMUNICATIONS INC.,2
net2phone,Vonage,28
Advantix Solutions Group Inc,Vonage Business Inc.,1
EPIC IO Technologies,Vyve,1
Net2Phone Office,"Vyve Broadband A, LLC",1
Ooma Inc,Website,1
Quest,Westco Internet,1
US Signal,"WHOLESALE CARRIER SERVICES, INC.",2
"401 North Broad Lessee, LLC",WINDSTREAM,190
"Connect Holding II, LLC d/b/a Brightspeed",WINDSTREAM and its affiliates,5
Altice Business Services,Windstream Communications,1
Crown Castle Fiber,WINDSTREAM ENTERPRISE,11
optimum. business,WOW!,0
"CoxCom, LLC dba Cox Business; Cox Virginia Telcom, LLC dba Cox Business",WOW! Business,3
"Vyve Broadband A, LLC","WOW! Internet, Cable and Phone",22
Futiva,WOWbusiness,0
NEWWAVE BUSINESS™,"XMission, L.C.",4
"Sho-Me Technologies, L.L.C.","XO COMMUNICATIONS SERVICES, LLC",3
optimum. business | by altice,Zayo Group LLC,5
Midcontinent Communications®,"Zayo Group, LLC",3
NORTHLAND BUSINESS,Zentro,1
"MCC Telephony of the South, LLC","Zoom Communications, Inc.",1
GRANDE COMMUNICATIONS,Zoom Video Communications Inc.,10
"COXCOM, LLC D/B/A COX BUSINESS","Zoom Video Communications, Inc.",4
"Health Care, LLC",,0
